"Designator","Val","Package","Mid X","Mid Y","Rotation","Layer"
"C105","100n","C_0603_1608Metric","110.300000","-141.400000","0.000000","bottom"
"C106","100n","C_0603_1608Metric","113.700000","-141.400000","0.000000","bottom"
"C107","100n","C_0603_1608Metric","110.300000","-143.100000","0.000000","bottom"
"C205","100n","C_0603_1608Metric","110.300000","-148.200000","0.000000","bottom"
"C206","100n","C_0603_1608Metric","113.700000","-148.200000","0.000000","bottom"
"C207","100n","C_0603_1608Metric","110.300000","-149.900000","0.000000","bottom"
"C305","100n","C_0603_1608Metric","133.300000","-141.400000","0.000000","bottom"
"C306","100n","C_0603_1608Metric","136.700000","-141.400000","0.000000","bottom"
"C307","100n","C_0603_1608Metric","133.300000","-143.100000","0.000000","bottom"
"C405","100n","C_0603_1608Metric","133.300000","-148.200000","0.000000","bottom"
"C406","100n","C_0603_1608Metric","136.700000","-148.200000","0.000000","bottom"
"C407","100n","C_0603_1608Metric","133.300000","-149.900000","0.000000","bottom"
"C505","100n","C_0603_1608Metric","173.300000","-141.400000","0.000000","bottom"
"C506","100n","C_0603_1608Metric","176.700000","-141.400000","0.000000","bottom"
"C507","100n","C_0603_1608Metric","173.300000","-143.100000","0.000000","bottom"
"C605","100n","C_0603_1608Metric","173.300000","-148.200000","0.000000","bottom"
"C606","100n","C_0603_1608Metric","176.700000","-148.200000","0.000000","bottom"
"C607","100n","C_0603_1608Metric","173.300000","-149.900000","0.000000","bottom"
"C705","100n","C_0603_1608Metric","196.300000","-141.400000","0.000000","bottom"
"C706","100n","C_0603_1608Metric","199.700000","-141.400000","0.000000","bottom"
"C707","100n","C_0603_1608Metric","196.300000","-143.100000","0.000000","bottom"
"C805","100n","C_0603_1608Metric","196.300000","-148.200000","0.000000","bottom"
"C806","100n","C_0603_1608Metric","199.700000","-148.200000","0.000000","bottom"
"C807","100n","C_0603_1608Metric","196.300000","-149.900000","0.000000","bottom"
"C901","100n","C_0603_1608Metric","153.700000","-140.800000","0.000000","bottom"
"C902","100n","C_0603_1608Metric","153.700000","-138.600000","0.000000","bottom"
"C903","100n","C_0603_1608Metric","157.400000","-140.800000","0.000000","bottom"
"C904","100n","C_0603_1608Metric","157.400000","-138.600000","0.000000","bottom"
"C905","100n","C_0603_1608Metric","153.700000","-143.000000","0.000000","bottom"
"C906","100n","C_0603_1608Metric","153.700000","-136.400000","0.000000","bottom"
"C907","100n","C_0603_1608Metric","157.400000","-143.000000","0.000000","bottom"
"C908","100n","C_0603_1608Metric","157.400000","-136.400000","0.000000","bottom"
"C909","100n","C_0603_1608Metric","150.000000","-140.800000","0.000000","bottom"
"C916","100n","C_0603_1608Metric","150.000000","-138.600000","0.000000","bottom"
"C917","100n","C_0603_1608Metric","153.700000","-145.200000","0.000000","bottom"
"C920","100n","C_0603_1608Metric","157.400000","-145.200000","0.000000","bottom"
"C921","100n","C_0603_1608Metric","150.000000","-143.000000","0.000000","bottom"
"C922","100n","C_0603_1608Metric","153.700000","-134.200000","0.000000","bottom"
"C923","100n","C_0603_1608Metric","161.100000","-140.800000","0.000000","bottom"
"C924","100n","C_0603_1608Metric","150.000000","-136.400000","0.000000","bottom"
"C925","100n","C_0603_1608Metric","161.100000","-138.600000","0.000000","bottom"
"C926","100n","C_0603_1608Metric","157.400000","-134.200000","0.000000","bottom"
"C927","100n","C_0603_1608Metric","161.100000","-143.000000","0.000000","bottom"
"C928","100n","C_0603_1608Metric","161.100000","-136.400000","0.000000","bottom"
"C929","100n","C_0603_1608Metric","150.000000","-145.200000","0.000000","bottom"
"R119","75k","R_0603_1608Metric","110.300000","-138.000000","0.000000","bottom"
"R120","18.7k","R_0603_1608Metric","113.700000","-138.000000","0.000000","bottom"
"R121","15k","R_0603_1608Metric","110.300000","-139.700000","0.000000","bottom"
"R122","60.4k","R_0603_1608Metric","113.700000","-139.700000","0.000000","bottom"
"R130","75k","R_0603_1608Metric","117.500000","-129.150000","180.000000","bottom"
"R131","75k","R_0603_1608Metric","117.500000","-130.850000","180.000000","bottom"
"R132","75k","R_0603_1608Metric","117.500000","-132.550000","180.000000","bottom"
"R133","75k","R_0603_1608Metric","117.500000","-127.450000","180.000000","bottom"
"R134","75k","R_0603_1608Metric","106.500000","-125.800000","0.000000","bottom"
"R135","37.4k","R_0603_1608Metric","103.200000","-125.800000","0.000000","bottom"
"R136","75k","R_0603_1608Metric","106.500000","-127.500000","0.000000","bottom"
"R137","75k","R_0603_1608Metric","106.500000","-136.000000","0.000000","bottom"
"R138","75k","R_0603_1608Metric","103.200000","-136.000000","0.000000","bottom"
"R139","75k","R_0603_1608Metric","106.500000","-129.200000","0.000000","bottom"
"R140","37.4k","R_0603_1608Metric","103.200000","-129.200000","0.000000","bottom"
"R141","75k","R_0603_1608Metric","106.500000","-130.900000","0.000000","bottom"
"R142","75k","R_0603_1608Metric","106.500000","-132.600000","0.000000","bottom"
"R143","37.4k","R_0603_1608Metric","103.200000","-132.600000","0.000000","bottom"
"R144","37.4k","R_0603_1608Metric","106.500000","-134.300000","0.000000","bottom"
"R219","75k","R_0603_1608Metric","110.300000","-144.800000","0.000000","bottom"
"R220","18.7k","R_0603_1608Metric","113.700000","-144.800000","0.000000","bottom"
"R221","15k","R_0603_1608Metric","110.300000","-146.500000","0.000000","bottom"
"R222","60.4k","R_0603_1608Metric","113.700000","-146.500000","0.000000","bottom"
"R230","75k","R_0603_1608Metric","117.500000","-155.150000","180.000000","bottom"
"R231","75k","R_0603_1608Metric","117.500000","-156.850000","180.000000","bottom"
"R232","75k","R_0603_1608Metric","117.500000","-158.550000","180.000000","bottom"
"R233","75k","R_0603_1608Metric","117.500000","-153.450000","180.000000","bottom"
"R234","75k","R_0603_1608Metric","106.500000","-151.800000","0.000000","bottom"
"R235","37.4k","R_0603_1608Metric","103.200000","-151.800000","0.000000","bottom"
"R236","75k","R_0603_1608Metric","106.500000","-153.500000","0.000000","bottom"
"R237","75k","R_0603_1608Metric","106.500000","-162.000000","0.000000","bottom"
"R238","75k","R_0603_1608Metric","103.200000","-162.000000","0.000000","bottom"
"R239","75k","R_0603_1608Metric","106.500000","-155.200000","0.000000","bottom"
"R240","37.4k","R_0603_1608Metric","103.200000","-155.200000","0.000000","bottom"
"R241","75k","R_0603_1608Metric","106.500000","-156.900000","0.000000","bottom"
"R242","75k","R_0603_1608Metric","106.500000","-158.600000","0.000000","bottom"
"R243","37.4k","R_0603_1608Metric","103.200000","-158.600000","0.000000","bottom"
"R244","37.4k","R_0603_1608Metric","106.500000","-160.300000","0.000000","bottom"
"R319","75k","R_0603_1608Metric","133.300000","-138.000000","0.000000","bottom"
"R320","18.7k","R_0603_1608Metric","136.700000","-138.000000","0.000000","bottom"
"R321","15k","R_0603_1608Metric","133.300000","-139.700000","0.000000","bottom"
"R322","60.4k","R_0603_1608Metric","136.700000","-139.700000","0.000000","bottom"
"R330","75k","R_0603_1608Metric","140.500000","-129.150000","180.000000","bottom"
"R331","75k","R_0603_1608Metric","140.500000","-130.850000","180.000000","bottom"
"R332","75k","R_0603_1608Metric","140.500000","-132.550000","180.000000","bottom"
"R333","75k","R_0603_1608Metric","140.500000","-127.450000","180.000000","bottom"
"R334","75k","R_0603_1608Metric","129.500000","-125.800000","0.000000","bottom"
"R335","37.4k","R_0603_1608Metric","126.200000","-125.800000","0.000000","bottom"
"R336","75k","R_0603_1608Metric","129.500000","-127.500000","0.000000","bottom"
"R337","75k","R_0603_1608Metric","129.500000","-136.000000","0.000000","bottom"
"R338","75k","R_0603_1608Metric","126.200000","-136.000000","0.000000","bottom"
"R339","75k","R_0603_1608Metric","129.500000","-129.200000","0.000000","bottom"
"R340","37.4k","R_0603_1608Metric","126.200000","-129.200000","0.000000","bottom"
"R341","75k","R_0603_1608Metric","129.500000","-130.900000","0.000000","bottom"
"R342","75k","R_0603_1608Metric","129.500000","-132.600000","0.000000","bottom"
"R343","37.4k","R_0603_1608Metric","126.200000","-132.600000","0.000000","bottom"
"R344","37.4k","R_0603_1608Metric","129.500000","-134.300000","0.000000","bottom"
"R419","75k","R_0603_1608Metric","133.300000","-144.800000","0.000000","bottom"
"R420","18.7k","R_0603_1608Metric","136.700000","-144.800000","0.000000","bottom"
"R421","15k","R_0603_1608Metric","133.300000","-146.500000","0.000000","bottom"
"R422","60.4k","R_0603_1608Metric","136.700000","-146.500000","0.000000","bottom"
"R430","75k","R_0603_1608Metric","140.500000","-155.150000","180.000000","bottom"
"R431","75k","R_0603_1608Metric","140.500000","-156.850000","180.000000","bottom"
"R432","75k","R_0603_1608Metric","140.500000","-158.550000","180.000000","bottom"
"R433","75k","R_0603_1608Metric","140.500000","-153.450000","180.000000","bottom"
"R434","75k","R_0603_1608Metric","129.500000","-151.800000","0.000000","bottom"
"R435","37.4k","R_0603_1608Metric","126.200000","-151.800000","0.000000","bottom"
"R436","75k","R_0603_1608Metric","129.500000","-153.500000","0.000000","bottom"
"R437","75k","R_0603_1608Metric","129.500000","-162.000000","0.000000","bottom"
"R438","75k","R_0603_1608Metric","126.200000","-162.000000","0.000000","bottom"
"R439","75k","R_0603_1608Metric","129.500000","-155.200000","0.000000","bottom"
"R440","37.4k","R_0603_1608Metric","126.200000","-155.200000","0.000000","bottom"
"R441","75k","R_0603_1608Metric","129.500000","-156.900000","0.000000","bottom"
"R442","75k","R_0603_1608Metric","129.500000","-158.600000","0.000000","bottom"
"R443","37.4k","R_0603_1608Metric","126.200000","-158.600000","0.000000","bottom"
"R444","37.4k","R_0603_1608Metric","129.500000","-160.300000","0.000000","bottom"
"R519","75k","R_0603_1608Metric","173.300000","-138.000000","0.000000","bottom"
"R520","18.7k","R_0603_1608Metric","176.700000","-138.000000","0.000000","bottom"
"R521","15k","R_0603_1608Metric","173.300000","-139.700000","0.000000","bottom"
"R522","60.4k","R_0603_1608Metric","176.700000","-139.700000","0.000000","bottom"
"R530","75k","R_0603_1608Metric","180.500000","-129.150000","180.000000","bottom"
"R531","75k","R_0603_1608Metric","180.500000","-130.850000","180.000000","bottom"
"R532","75k","R_0603_1608Metric","180.500000","-132.550000","180.000000","bottom"
"R533","75k","R_0603_1608Metric","180.500000","-127.450000","180.000000","bottom"
"R534","75k","R_0603_1608Metric","169.500000","-125.800000","0.000000","bottom"
"R535","37.4k","R_0603_1608Metric","166.200000","-125.800000","0.000000","bottom"
"R536","75k","R_0603_1608Metric","169.500000","-127.500000","0.000000","bottom"
"R537","75k","R_0603_1608Metric","169.500000","-136.000000","0.000000","bottom"
"R538","75k","R_0603_1608Metric","166.200000","-136.000000","0.000000","bottom"
"R539","75k","R_0603_1608Metric","169.500000","-129.200000","0.000000","bottom"
"R540","37.4k","R_0603_1608Metric","166.200000","-129.200000","0.000000","bottom"
"R541","75k","R_0603_1608Metric","169.500000","-130.900000","0.000000","bottom"
"R542","75k","R_0603_1608Metric","169.500000","-132.600000","0.000000","bottom"
"R543","37.4k","R_0603_1608Metric","166.200000","-132.600000","0.000000","bottom"
"R544","37.4k","R_0603_1608Metric","169.500000","-134.300000","0.000000","bottom"
"R619","75k","R_0603_1608Metric","173.300000","-144.800000","0.000000","bottom"
"R620","18.7k","R_0603_1608Metric","176.700000","-144.800000","0.000000","bottom"
"R621","15k","R_0603_1608Metric","173.300000","-146.500000","0.000000","bottom"
"R622","60.4k","R_0603_1608Metric","176.700000","-146.500000","0.000000","bottom"
"R630","75k","R_0603_1608Metric","180.500000","-155.150000","180.000000","bottom"
"R631","75k","R_0603_1608Metric","180.500000","-156.850000","180.000000","bottom"
"R632","75k","R_0603_1608Metric","180.500000","-158.550000","180.000000","bottom"
"R633","75k","R_0603_1608Metric","180.500000","-153.450000","180.000000","bottom"
"R634","75k","R_0603_1608Metric","169.500000","-151.800000","0.000000","bottom"
"R635","37.4k","R_0603_1608Metric","166.200000","-151.800000","0.000000","bottom"
"R636","75k","R_0603_1608Metric","169.500000","-153.500000","0.000000","bottom"
"R637","75k","R_0603_1608Metric","169.500000","-162.000000","0.000000","bottom"
"R638","75k","R_0603_1608Metric","166.200000","-162.000000","0.000000","bottom"
"R639","75k","R_0603_1608Metric","169.500000","-155.200000","0.000000","bottom"
"R640","37.4k","R_0603_1608Metric","166.200000","-155.200000","0.000000","bottom"
"R641","75k","R_0603_1608Metric","169.500000","-156.900000","0.000000","bottom"
"R642","75k","R_0603_1608Metric","169.500000","-158.600000","0.000000","bottom"
"R643","37.4k","R_0603_1608Metric","166.200000","-158.600000","0.000000","bottom"
"R644","37.4k","R_0603_1608Metric","169.500000","-160.300000","0.000000","bottom"
"R719","75k","R_0603_1608Metric","196.300000","-138.000000","0.000000","bottom"
"R720","18.7k","R_0603_1608Metric","199.700000","-138.000000","0.000000","bottom"
"R721","15k","R_0603_1608Metric","196.300000","-139.700000","0.000000","bottom"
"R722","60.4k","R_0603_1608Metric","199.700000","-139.700000","0.000000","bottom"
"R730","75k","R_0603_1608Metric","203.500000","-129.150000","180.000000","bottom"
"R731","75k","R_0603_1608Metric","203.500000","-130.850000","180.000000","bottom"
"R732","75k","R_0603_1608Metric","203.500000","-132.550000","180.000000","bottom"
"R733","75k","R_0603_1608Metric","203.500000","-127.450000","180.000000","bottom"
"R734","75k","R_0603_1608Metric","192.500000","-125.800000","0.000000","bottom"
"R735","37.4k","R_0603_1608Metric","189.200000","-125.800000","0.000000","bottom"
"R736","75k","R_0603_1608Metric","192.500000","-127.500000","0.000000","bottom"
"R737","75k","R_0603_1608Metric","192.500000","-136.000000","0.000000","bottom"
"R738","75k","R_0603_1608Metric","189.200000","-136.000000","0.000000","bottom"
"R739","75k","R_0603_1608Metric","192.500000","-129.200000","0.000000","bottom"
"R740","37.4k","R_0603_1608Metric","189.200000","-129.200000","0.000000","bottom"
"R741","75k","R_0603_1608Metric","192.500000","-130.900000","0.000000","bottom"
"R742","75k","R_0603_1608Metric","192.500000","-132.600000","0.000000","bottom"
"R743","37.4k","R_0603_1608Metric","189.200000","-132.600000","0.000000","bottom"
"R744","37.4k","R_0603_1608Metric","192.500000","-134.300000","0.000000","bottom"
"R819","75k","R_0603_1608Metric","196.300000","-144.800000","0.000000","bottom"
"R820","18.7k","R_0603_1608Metric","199.700000","-144.800000","0.000000","bottom"
"R821","15k","R_0603_1608Metric","196.300000","-146.500000","0.000000","bottom"
"R822","60.4k","R_0603_1608Metric","199.700000","-146.500000","0.000000","bottom"
"R830","75k","R_0603_1608Metric","203.500000","-155.150000","180.000000","bottom"
"R831","75k","R_0603_1608Metric","203.500000","-156.850000","180.000000","bottom"
"R832","75k","R_0603_1608Metric","203.500000","-158.550000","180.000000","bottom"
"R833","75k","R_0603_1608Metric","203.500000","-153.450000","180.000000","bottom"
"R834","75k","R_0603_1608Metric","192.500000","-151.800000","0.000000","bottom"
"R835","37.4k","R_0603_1608Metric","189.200000","-151.800000","0.000000","bottom"
"R836","75k","R_0603_1608Metric","192.500000","-153.500000","0.000000","bottom"
"R837","75k","R_0603_1608Metric","192.500000","-162.000000","0.000000","bottom"
"R838","75k","R_0603_1608Metric","189.200000","-162.000000","0.000000","bottom"
"R839","75k","R_0603_1608Metric","192.500000","-155.200000","0.000000","bottom"
"R840","37.4k","R_0603_1608Metric","189.200000","-155.200000","0.000000","bottom"
"R841","75k","R_0603_1608Metric","192.500000","-156.900000","0.000000","bottom"
"R842","75k","R_0603_1608Metric","192.500000","-158.600000","0.000000","bottom"
"R843","37.4k","R_0603_1608Metric","189.200000","-158.600000","0.000000","bottom"
"R844","37.4k","R_0603_1608Metric","192.500000","-160.300000","0.000000","bottom"
"C101","1n","C_0603_1608Metric","106.500000","-116.900000","180.000000","top"
"C102","1n","C_0603_1608Metric","106.500000","-111.800000","180.000000","top"
"C103","1n","C_0603_1608Metric","117.500000","-115.200000","0.000000","top"
"C104","1n","C_0603_1608Metric","117.500000","-120.300000","0.000000","top"
"C201","1n","C_0603_1608Metric","106.500000","-167.500000","180.000000","top"
"C202","1n","C_0603_1608Metric","106.500000","-162.400000","180.000000","top"
"C203","1n","C_0603_1608Metric","117.500000","-165.800000","0.000000","top"
"C204","1n","C_0603_1608Metric","117.500000","-170.900000","0.000000","top"
"C301","1n","C_0603_1608Metric","129.500000","-116.900000","180.000000","top"
"C302","1n","C_0603_1608Metric","129.500000","-111.800000","180.000000","top"
"C303","1n","C_0603_1608Metric","140.500000","-115.200000","0.000000","top"
"C304","1n","C_0603_1608Metric","140.500000","-120.300000","0.000000","top"
"C401","1n","C_0603_1608Metric","129.500000","-167.500000","180.000000","top"
"C402","1n","C_0603_1608Metric","129.500000","-162.400000","180.000000","top"
"C403","1n","C_0603_1608Metric","140.500000","-165.800000","0.000000","top"
"C404","1n","C_0603_1608Metric","140.500000","-170.900000","0.000000","top"
"C501","1n","C_0603_1608Metric","169.500000","-116.900000","180.000000","top"
"C502","1n","C_0603_1608Metric","169.500000","-111.800000","180.000000","top"
"C503","1n","C_0603_1608Metric","180.500000","-115.200000","0.000000","top"
"C504","1n","C_0603_1608Metric","180.500000","-120.300000","0.000000","top"
"C601","1n","C_0603_1608Metric","169.500000","-167.500000","180.000000","top"
"C602","1n","C_0603_1608Metric","169.500000","-162.400000","180.000000","top"
"C603","1n","C_0603_1608Metric","180.500000","-165.800000","0.000000","top"
"C604","1n","C_0603_1608Metric","180.500000","-170.900000","0.000000","top"
"C701","1n","C_0603_1608Metric","192.500000","-116.900000","180.000000","top"
"C702","1n","C_0603_1608Metric","192.500000","-111.800000","180.000000","top"
"C703","1n","C_0603_1608Metric","203.500000","-115.200000","0.000000","top"
"C704","1n","C_0603_1608Metric","203.500000","-120.300000","0.000000","top"
"C801","1n","C_0603_1608Metric","192.500000","-167.500000","180.000000","top"
"C802","1n","C_0603_1608Metric","192.500000","-162.400000","180.000000","top"
"C803","1n","C_0603_1608Metric","203.500000","-165.800000","0.000000","top"
"C804","1n","C_0603_1608Metric","203.500000","-170.900000","0.000000","top"
"C911","10u","CP_Elec_4x5.3","106.000000","-180.000000","0.000000","top"
"C912","10u","CP_Elec_4x5.3","114.000000","-180.000000","0.000000","top"
"C913","10u","CP_Elec_4x5.3","196.000000","-180.000000","0.000000","top"
"C914","10u","CP_Elec_4x5.3","204.000000","-180.000000","0.000000","top"
"C915","10n","C_0603_1608Metric","153.700000","-143.000000","0.000000","top"
"J1","KERNSLOT","PinHeader_2x12_P2.54mm_Horizontal","168.970000","-185.420000","-90.000000","top"
"J2","AUDIO IN","PinHeader_1x10_P2.54mm_Vertical","116.570000","-102.000000","90.000000","top"
"J3","AUDIO UIT","PinHeader_1x10_P2.54mm_Vertical","170.570000","-102.000000","90.000000","top"
"Q1","2N7002","SOT-23","149.000000","-162.000000","180.000000","top"
"R101","15k","R_0603_1608Metric","106.500000","-118.600000","0.000000","top"
"R102","15k","R_0603_1608Metric","106.500000","-113.500000","0.000000","top"
"R103","15k","R_0603_1608Metric","117.500000","-111.800000","180.000000","top"
"R104","15k","R_0603_1608Metric","117.500000","-116.900000","180.000000","top"
"R105","15k","R_0603_1608Metric","103.200000","-118.600000","0.000000","top"
"R106","15k","R_0603_1608Metric","103.200000","-113.500000","0.000000","top"
"R107","15k","R_0603_1608Metric","120.800000","-111.800000","180.000000","top"
"R108","15k","R_0603_1608Metric","120.800000","-116.900000","180.000000","top"
"R109","200R","R_0603_1608Metric","106.500000","-120.300000","180.000000","top"
"R110","200R","R_0603_1608Metric","106.500000","-115.200000","180.000000","top"
"R111","200R","R_0603_1608Metric","117.500000","-113.500000","0.000000","top"
"R112","200R","R_0603_1608Metric","117.500000","-118.600000","0.000000","top"
"R113","54.9k","R_0603_1608Metric","106.500000","-122.000000","0.000000","top"
"R114","1k","R_0603_1608Metric","106.500000","-123.700000","180.000000","top"
"R115","100k","R_0603_1608Metric","103.200000","-122.000000","0.000000","top"
"R116","13k","R_0603_1608Metric","117.500000","-122.000000","180.000000","top"
"R117","16.2k","R_0603_1608Metric","120.800000","-122.000000","180.000000","top"
"R118","1k","R_0603_1608Metric","117.500000","-123.700000","0.000000","top"
"R201","15k","R_0603_1608Metric","106.500000","-169.200000","0.000000","top"
"R202","15k","R_0603_1608Metric","106.500000","-164.100000","0.000000","top"
"R203","15k","R_0603_1608Metric","117.500000","-162.400000","180.000000","top"
"R204","15k","R_0603_1608Metric","117.500000","-167.500000","180.000000","top"
"R205","15k","R_0603_1608Metric","103.200000","-169.200000","0.000000","top"
"R206","15k","R_0603_1608Metric","103.200000","-164.100000","0.000000","top"
"R207","15k","R_0603_1608Metric","120.800000","-162.400000","180.000000","top"
"R208","15k","R_0603_1608Metric","120.800000","-167.500000","180.000000","top"
"R209","200R","R_0603_1608Metric","106.500000","-170.900000","180.000000","top"
"R210","200R","R_0603_1608Metric","106.500000","-165.800000","180.000000","top"
"R211","200R","R_0603_1608Metric","117.500000","-164.100000","0.000000","top"
"R212","200R","R_0603_1608Metric","117.500000","-169.200000","0.000000","top"
"R213","54.9k","R_0603_1608Metric","106.500000","-172.600000","0.000000","top"
"R214","1k","R_0603_1608Metric","106.500000","-174.300000","180.000000","top"
"R215","100k","R_0603_1608Metric","103.200000","-172.600000","0.000000","top"
"R216","13k","R_0603_1608Metric","117.500000","-172.600000","180.000000","top"
"R217","16.2k","R_0603_1608Metric","120.800000","-172.600000","180.000000","top"
"R218","1k","R_0603_1608Metric","117.500000","-174.300000","0.000000","top"
"R301","15k","R_0603_1608Metric","129.500000","-118.600000","0.000000","top"
"R302","15k","R_0603_1608Metric","129.500000","-113.500000","0.000000","top"
"R303","15k","R_0603_1608Metric","140.500000","-111.800000","180.000000","top"
"R304","15k","R_0603_1608Metric","140.500000","-116.900000","180.000000","top"
"R305","15k","R_0603_1608Metric","126.200000","-118.600000","0.000000","top"
"R306","15k","R_0603_1608Metric","126.200000","-113.500000","0.000000","top"
"R307","15k","R_0603_1608Metric","143.800000","-111.800000","180.000000","top"
"R308","15k","R_0603_1608Metric","143.800000","-116.900000","180.000000","top"
"R309","200R","R_0603_1608Metric","129.500000","-120.300000","180.000000","top"
"R310","200R","R_0603_1608Metric","129.500000","-115.200000","180.000000","top"
"R311","200R","R_0603_1608Metric","140.500000","-113.500000","0.000000","top"
"R312","200R","R_0603_1608Metric","140.500000","-118.600000","0.000000","top"
"R313","54.9k","R_0603_1608Metric","129.500000","-122.000000","0.000000","top"
"R314","1k","R_0603_1608Metric","129.500000","-123.700000","180.000000","top"
"R315","100k","R_0603_1608Metric","126.200000","-122.000000","0.000000","top"
"R316","13k","R_0603_1608Metric","140.500000","-122.000000","180.000000","top"
"R317","16.2k","R_0603_1608Metric","143.800000","-122.000000","180.000000","top"
"R318","1k","R_0603_1608Metric","140.500000","-123.700000","0.000000","top"
"R401","15k","R_0603_1608Metric","129.500000","-169.200000","0.000000","top"
"R402","15k","R_0603_1608Metric","129.500000","-164.100000","0.000000","top"
"R403","15k","R_0603_1608Metric","140.500000","-162.400000","180.000000","top"
"R404","15k","R_0603_1608Metric","140.500000","-167.500000","180.000000","top"
"R405","15k","R_0603_1608Metric","126.200000","-169.200000","0.000000","top"
"R406","15k","R_0603_1608Metric","126.200000","-164.100000","0.000000","top"
"R407","15k","R_0603_1608Metric","143.800000","-162.400000","180.000000","top"
"R408","15k","R_0603_1608Metric","143.800000","-167.500000","180.000000","top"
"R409","200R","R_0603_1608Metric","129.500000","-170.900000","180.000000","top"
"R410","200R","R_0603_1608Metric","129.500000","-165.800000","180.000000","top"
"R411","200R","R_0603_1608Metric","140.500000","-164.100000","0.000000","top"
"R412","200R","R_0603_1608Metric","140.500000","-169.200000","0.000000","top"
"R413","54.9k","R_0603_1608Metric","129.500000","-172.600000","0.000000","top"
"R414","1k","R_0603_1608Metric","129.500000","-174.300000","180.000000","top"
"R415","100k","R_0603_1608Metric","126.200000","-172.600000","0.000000","top"
"R416","13k","R_0603_1608Metric","140.500000","-172.600000","180.000000","top"
"R417","16.2k","R_0603_1608Metric","143.800000","-172.600000","180.000000","top"
"R418","1k","R_0603_1608Metric","140.500000","-174.300000","0.000000","top"
"R501","15k","R_0603_1608Metric","169.500000","-118.600000","0.000000","top"
"R502","15k","R_0603_1608Metric","169.500000","-113.500000","0.000000","top"
"R503","15k","R_0603_1608Metric","180.500000","-111.800000","180.000000","top"
"R504","15k","R_0603_1608Metric","180.500000","-116.900000","180.000000","top"
"R505","15k","R_0603_1608Metric","166.200000","-118.600000","0.000000","top"
"R506","15k","R_0603_1608Metric","166.200000","-113.500000","0.000000","top"
"R507","15k","R_0603_1608Metric","183.800000","-111.800000","180.000000","top"
"R508","15k","R_0603_1608Metric","183.800000","-116.900000","180.000000","top"
"R509","200R","R_0603_1608Metric","169.500000","-120.300000","180.000000","top"
"R510","200R","R_0603_1608Metric","169.500000","-115.200000","180.000000","top"
"R511","200R","R_0603_1608Metric","180.500000","-113.500000","0.000000","top"
"R512","200R","R_0603_1608Metric","180.500000","-118.600000","0.000000","top"
"R513","54.9k","R_0603_1608Metric","169.500000","-122.000000","0.000000","top"
"R514","1k","R_0603_1608Metric","169.500000","-123.700000","180.000000","top"
"R515","100k","R_0603_1608Metric","166.200000","-122.000000","0.000000","top"
"R516","13k","R_0603_1608Metric","180.500000","-122.000000","180.000000","top"
"R517","16.2k","R_0603_1608Metric","183.800000","-122.000000","180.000000","top"
"R518","1k","R_0603_1608Metric","180.500000","-123.700000","0.000000","top"
"R601","15k","R_0603_1608Metric","169.500000","-169.200000","0.000000","top"
"R602","15k","R_0603_1608Metric","169.500000","-164.100000","0.000000","top"
"R603","15k","R_0603_1608Metric","180.500000","-162.400000","180.000000","top"
"R604","15k","R_0603_1608Metric","180.500000","-167.500000","180.000000","top"
"R605","15k","R_0603_1608Metric","166.200000","-169.200000","0.000000","top"
"R606","15k","R_0603_1608Metric","166.200000","-164.100000","0.000000","top"
"R607","15k","R_0603_1608Metric","183.800000","-162.400000","180.000000","top"
"R608","15k","R_0603_1608Metric","183.800000","-167.500000","180.000000","top"
"R609","200R","R_0603_1608Metric","169.500000","-170.900000","180.000000","top"
"R610","200R","R_0603_1608Metric","169.500000","-165.800000","180.000000","top"
"R611","200R","R_0603_1608Metric","180.500000","-164.100000","0.000000","top"
"R612","200R","R_0603_1608Metric","180.500000","-169.200000","0.000000","top"
"R613","54.9k","R_0603_1608Metric","169.500000","-172.600000","0.000000","top"
"R614","1k","R_0603_1608Metric","169.500000","-174.300000","180.000000","top"
"R615","100k","R_0603_1608Metric","166.200000","-172.600000","0.000000","top"
"R616","13k","R_0603_1608Metric","180.500000","-172.600000","180.000000","top"
"R617","16.2k","R_0603_1608Metric","183.800000","-172.600000","180.000000","top"
"R618","1k","R_0603_1608Metric","180.500000","-174.300000","0.000000","top"
"R701","15k","R_0603_1608Metric","192.500000","-118.600000","0.000000","top"
"R702","15k","R_0603_1608Metric","192.500000","-113.500000","0.000000","top"
"R703","15k","R_0603_1608Metric","203.500000","-111.800000","180.000000","top"
"R704","15k","R_0603_1608Metric","203.500000","-116.900000","180.000000","top"
"R705","15k","R_0603_1608Metric","189.200000","-118.600000","0.000000","top"
"R706","15k","R_0603_1608Metric","189.200000","-113.500000","0.000000","top"
"R707","15k","R_0603_1608Metric","206.800000","-111.800000","180.000000","top"
"R708","15k","R_0603_1608Metric","206.800000","-116.900000","180.000000","top"
"R709","200R","R_0603_1608Metric","192.500000","-120.300000","180.000000","top"
"R710","200R","R_0603_1608Metric","192.500000","-115.200000","180.000000","top"
"R711","200R","R_0603_1608Metric","203.500000","-113.500000","0.000000","top"
"R712","200R","R_0603_1608Metric","203.500000","-118.600000","0.000000","top"
"R713","54.9k","R_0603_1608Metric","192.500000","-122.000000","0.000000","top"
"R714","1k","R_0603_1608Metric","192.500000","-123.700000","180.000000","top"
"R715","100k","R_0603_1608Metric","189.200000","-122.000000","0.000000","top"
"R716","13k","R_0603_1608Metric","203.500000","-122.000000","180.000000","top"
"R717","16.2k","R_0603_1608Metric","206.800000","-122.000000","180.000000","top"
"R718","1k","R_0603_1608Metric","203.500000","-123.700000","0.000000","top"
"R801","15k","R_0603_1608Metric","192.500000","-169.200000","0.000000","top"
"R802","15k","R_0603_1608Metric","192.500000","-164.100000","0.000000","top"
"R803","15k","R_0603_1608Metric","203.500000","-162.400000","180.000000","top"
"R804","15k","R_0603_1608Metric","203.500000","-167.500000","180.000000","top"
"R805","15k","R_0603_1608Metric","189.200000","-169.200000","0.000000","top"
"R806","15k","R_0603_1608Metric","189.200000","-164.100000","0.000000","top"
"R807","15k","R_0603_1608Metric","206.800000","-162.400000","180.000000","top"
"R808","15k","R_0603_1608Metric","206.800000","-167.500000","180.000000","top"
"R809","200R","R_0603_1608Metric","192.500000","-170.900000","180.000000","top"
"R810","200R","R_0603_1608Metric","192.500000","-165.800000","180.000000","top"
"R811","200R","R_0603_1608Metric","203.500000","-164.100000","0.000000","top"
"R812","200R","R_0603_1608Metric","203.500000","-169.200000","0.000000","top"
"R813","54.9k","R_0603_1608Metric","192.500000","-172.600000","0.000000","top"
"R814","1k","R_0603_1608Metric","192.500000","-174.300000","180.000000","top"
"R815","100k","R_0603_1608Metric","189.200000","-172.600000","0.000000","top"
"R816","13k","R_0603_1608Metric","203.500000","-172.600000","180.000000","top"
"R817","16.2k","R_0603_1608Metric","206.800000","-172.600000","180.000000","top"
"R818","1k","R_0603_1608Metric","203.500000","-174.300000","0.000000","top"
"R901","10k","R_0603_1608Metric","161.100000","-149.600000","0.000000","top"
"R902","1M","R_0603_1608Metric","161.100000","-147.400000","0.000000","top"
"R903","1M","R_0603_1608Metric","146.300000","-149.600000","0.000000","top"
"U1","SSI2140","SSOP-20_3.9x8.7mm_P0.635mm","112.000000","-116.000000","0.000000","top"
"U2","SSI2140","SSOP-20_3.9x8.7mm_P0.635mm","112.000000","-170.000000","0.000000","top"
"U3","SSI2140","SSOP-20_3.9x8.7mm_P0.635mm","135.000000","-116.000000","0.000000","top"
"U4","SSI2140","SSOP-20_3.9x8.7mm_P0.635mm","135.000000","-170.000000","0.000000","top"
"U5","SSI2140","SSOP-20_3.9x8.7mm_P0.635mm","175.000000","-116.000000","0.000000","top"
"U6","SSI2140","SSOP-20_3.9x8.7mm_P0.635mm","175.000000","-170.000000","0.000000","top"
"U7","SSI2140","SSOP-20_3.9x8.7mm_P0.635mm","198.000000","-116.000000","0.000000","top"
"U8","SSI2140","SSOP-20_3.9x8.7mm_P0.635mm","198.000000","-170.000000","0.000000","top"
"U11","74HC4051","TSSOP-16_4.4x5mm_P0.65mm","112.000000","-130.000000","270.000000","top"
"U12","74HC4051","TSSOP-16_4.4x5mm_P0.65mm","112.000000","-156.000000","270.000000","top"
"U13","74HC4051","TSSOP-16_4.4x5mm_P0.65mm","135.000000","-130.000000","270.000000","top"
"U14","74HC4051","TSSOP-16_4.4x5mm_P0.65mm","135.000000","-156.000000","270.000000","top"
"U15","74HC4051","TSSOP-16_4.4x5mm_P0.65mm","175.000000","-130.000000","270.000000","top"
"U16","74HC4051","TSSOP-16_4.4x5mm_P0.65mm","175.000000","-156.000000","270.000000","top"
"U17","74HC4051","TSSOP-16_4.4x5mm_P0.65mm","198.000000","-130.000000","270.000000","top"
"U18","74HC4051","TSSOP-16_4.4x5mm_P0.65mm","198.000000","-156.000000","270.000000","top"
"U21","TL074","TSSOP-14_4.4x5mm_P0.65mm","112.000000","-143.000000","0.000000","top"
"U22","TL074","TSSOP-14_4.4x5mm_P0.65mm","135.000000","-143.000000","0.000000","top"
"U23","TL074","TSSOP-14_4.4x5mm_P0.65mm","175.000000","-143.000000","0.000000","top"
"U24","TL074","TSSOP-14_4.4x5mm_P0.65mm","198.000000","-143.000000","0.000000","top"
"U25","TL074","TSSOP-14_4.4x5mm_P0.65mm","158.000000","-164.000000","0.000000","top"
"U31","AD5754BREZ","HTSSOP-24-1EP_4.4x7.8mm_P0.65mm_EP3.2x5mm","155.000000","-116.000000","270.000000","top"
"U32","AD5754BREZ","HTSSOP-24-1EP_4.4x7.8mm_P0.65mm_EP3.2x5mm","155.000000","-127.000000","270.000000","top"
"U33","ADR421","SOIC-8_3.9x4.9mm_P1.27mm","149.000000","-155.000000","270.000000","top"
"U34","DAC128S085CIMTX","TSSOP-16_4.4x5mm_P0.65mm","155.000000","-138.000000","270.000000","top"
"U35","74HC4051","TSSOP-16_4.4x5mm_P0.65mm","155.000000","-147.000000","270.000000","top"
"U36","LM311","SOIC-8_3.9x4.9mm_P1.27mm","161.000000","-155.000000","270.000000","top"
