"Designator","Val","Package","Mid X","Mid Y","Rotation","Layer"
"C1","10u","CP_Elec_4x5.3","120.000000","-124.000000","0.000000","top"
"C2","100n","C_0805_2012Metric","128.890000","-124.000000","0.000000","top"
"C3","10u","CP_Elec_4x5.3","137.780000","-124.000000","0.000000","top"
"C4","100n","C_0805_2012Metric","146.670000","-124.000000","0.000000","top"
"C5","10u","CP_Elec_4x5.3","155.560000","-124.000000","0.000000","top"
"C6","100n","C_0805_2012Metric","164.450000","-124.000000","0.000000","top"
"C7","10u","CP_Elec_4x5.3","173.340000","-124.000000","0.000000","top"
"C8","100n","C_0805_2012Metric","182.230000","-124.000000","0.000000","top"
"C9","220p","C_0805_2012Metric","40.900000","-97.500000","0.000000","top"
"C10","100n","C_0805_2012Metric","60.000000","-27.000000","0.000000","top"
"C11","100n","C_0805_2012Metric","85.800000","-24.000000","90.000000","top"
"C12","100n","C_0805_2012Metric","58.000000","-105.000000","0.000000","top"
"C13","100n","C_0805_2012Metric","143.000000","-112.000000","0.000000","top"
"C14","100n","C_0805_2012Metric","59.000000","-16.500000","90.000000","top"
"C15","100n","C_0805_2012Metric","34.600000","-104.200000","0.000000","top"
"C16","100n","C_0805_2012Metric","152.000000","-22.800000","90.000000","top"
"C17","100n","C_0805_2012Metric","59.000000","-91.000000","0.000000","top"
"C18","220p","C_0805_2012Metric","145.000000","-12.500000","90.000000","top"
"C19","100n","C_0805_2012Metric","93.000000","-123.500000","90.000000","top"
"D1","1N4148WS","D_SOD-323","54.000000","-103.500000","0.000000","top"
"D2","1N4148WS","D_SOD-323","88.500000","-120.000000","0.000000","top"
"D3","BAT54S","SOT-23","62.000000","-16.500000","180.000000","top"
"J1","SLOT 1","PinSocket_2x12_P2.54mm_Vertical","64.530000","-60.280000","0.000000","top"
"J2","SLOT 2","PinSocket_2x12_P2.54mm_Vertical","84.850000","-60.280000","0.000000","top"
"J3","SLOT 3","PinSocket_2x12_P2.54mm_Vertical","105.170000","-60.280000","0.000000","top"
"J4","SLOT 4","PinSocket_2x12_P2.54mm_Vertical","125.490000","-60.280000","0.000000","top"
"J5","SLOT 5","PinSocket_2x12_P2.54mm_Vertical","145.810000","-60.280000","0.000000","top"
"J6","SLOT 6","PinSocket_2x12_P2.54mm_Vertical","166.130000","-60.280000","0.000000","top"
"J7","HUB 1","IDC-Header_2x05_P2.54mm_Vertical","196.000000","-45.000000","0.000000","top"
"J8","HUB 2","IDC-Header_2x05_P2.54mm_Vertical","196.000000","-100.000000","0.000000","top"
"J9","PWR IN","IDC-Header_2x05_P2.54mm_Vertical","22.000000","-121.500000","0.000000","top"
"J10","EXP","PinHeader_2x07_P2.54mm_Vertical","41.000000","-135.000000","90.000000","top"
"J11","DISPLAY","PinHeader_1x09_P2.54mm_Vertical","33.000000","-20.000000","90.000000","top"
"J12","QWIIC","PinHeader_1x04_P2.54mm_Vertical","198.000000","-135.000000","90.000000","top"
"J13","MIDI IN1","PinHeader_1x03_P2.54mm_Vertical","83.000000","-135.000000","90.000000","top"
"J14","MIDI IN2","PinHeader_1x03_P2.54mm_Vertical","92.000000","-135.000000","90.000000","top"
"J15","MIDI OUT","PinHeader_1x03_P2.54mm_Vertical","101.000000","-135.000000","90.000000","top"
"J16","CAN","PinHeader_1x04_P2.54mm_Vertical","120.000000","-135.000000","90.000000","top"
"J17","AUDIO/CODEC","PinHeader_2x07_P2.54mm_Vertical","39.350000","-13.500000","-90.000000","top"
"J18","TUNE","PinHeader_1x02_P2.54mm_Vertical","43.000000","-13.500000","90.000000","top"
"J19","DLG1","PinHeader_1x04_P2.54mm_Vertical","60.000000","-135.000000","90.000000","top"
"J20","DLG2","PinHeader_1x04_P2.54mm_Vertical","71.500000","-135.000000","90.000000","top"
"J21","EXPANSION","IDC-Header_2x13_P2.54mm_Vertical","108.000000","-22.500000","90.000000","top"
"J22","MIDI OUT2","PinHeader_1x03_P2.54mm_Vertical","110.000000","-135.000000","90.000000","top"
"J23","USB HOST","PinHeader_2x05_P2.54mm_Vertical","22.000000","-33.000000","90.000000","top"
"J24","AUDIOHUB","PinHeader_2x07_P2.54mm_Vertical","182.000000","-72.000000","0.000000","top"
"J25","AXON +5V","PinHeader_1x02_P2.54mm_Vertical","66.300000","-129.190000","180.000000","top"
"R1","33R","R_0805_2012Metric","53.000000","-78.020000","0.000000","top"
"R2","33R","R_0805_2012Metric","49.500000","-76.750000","180.000000","top"
"R3","2k2","R_0805_2012Metric","199.000000","-124.000000","0.000000","top"
"R4","2k2","R_0805_2012Metric","199.000000","-127.000000","0.000000","top"
"R5","10k","R_0805_2012Metric","34.300000","-101.200000","0.000000","top"
"R6","220R","R_0805_2012Metric","50.000000","-106.800000","90.000000","top"
"R7","220R","R_0805_2012Metric","79.500000","-128.500000","-90.000000","top"
"R8","1k","R_0805_2012Metric","70.000000","-112.400000","180.000000","top"
"R9","1k","R_0805_2012Metric","87.500000","-117.300000","0.000000","top"
"R10","10R","R_0805_2012Metric","92.500000","-128.000000","0.000000","top"
"R11","33R","R_0805_2012Metric","87.500000","-123.500000","90.000000","top"
"R12","120R","R_0805_2012Metric","158.000000","-112.000000","90.000000","top"
"R13","10k","R_0805_2012Metric","150.000000","-118.000000","180.000000","top"
"R14","100k","R_0805_2012Metric","48.900000","-12.600000","90.000000","top"
"R15","100k","R_0805_2012Metric","51.500000","-12.200000","90.000000","top"
"R16","33R","R_0805_2012Metric","103.400000","-30.500000","-90.000000","top"
"R17","33R","R_0805_2012Metric","105.600000","-30.500000","-90.000000","top"
"R18","33R","R_0805_2012Metric","107.800000","-30.500000","-90.000000","top"
"R19","33R","R_0805_2012Metric","110.000000","-30.500000","-90.000000","top"
"R20","33R","R_0805_2012Metric","112.200000","-30.500000","-90.000000","top"
"R21","100k","R_0805_2012Metric","68.530000","-95.000000","-90.000000","top"
"R22","100k","R_0805_2012Metric","88.850000","-95.000000","-90.000000","top"
"R23","100k","R_0805_2012Metric","109.170000","-95.000000","-90.000000","top"
"R24","100k","R_0805_2012Metric","129.490000","-95.000000","-90.000000","top"
"R25","100k","R_0805_2012Metric","149.810000","-95.000000","-90.000000","top"
"R26","100k","R_0805_2012Metric","170.130000","-95.000000","-90.000000","top"
"R27","100k","R_0805_2012Metric","172.000000","-15.500000","90.000000","top"
"R28","100k","R_0805_2012Metric","174.200000","-15.500000","90.000000","top"
"R29","100k","R_0805_2012Metric","176.400000","-15.500000","90.000000","top"
"R30","100k","R_0805_2012Metric","178.600000","-15.500000","90.000000","top"
"R31","100k","R_0805_2012Metric","180.800000","-15.500000","90.000000","top"
"R32","100k","R_0805_2012Metric","183.000000","-15.500000","90.000000","top"
"R33","10k","R_0805_2012Metric","142.500000","-12.800000","90.000000","top"
"R34","10R","R_0805_2012Metric","102.000000","-128.000000","0.000000","top"
"R35","33R","R_0805_2012Metric","97.500000","-123.500000","90.000000","top"
"U1","Teensy 4.1","Teensy41_THT","30.000000","-45.000000","0.000000","top"
"U2","R-78E5.0-1.0","Converter_DCDC_RECOM_R-78E-0.5_THT","42.000000","-124.000000","0.000000","top"
"U3","AMS1117-3.3","SOT-223-3_TabPin2","60.000000","-124.000000","180.000000","top"
"U4","74HC154","SOIC-24W_7.5x15.4mm_P1.27mm","70.000000","-32.000000","180.000000","top"
"U5","74HC165","SOIC-16_3.9x9.9mm_P1.27mm","37.000000","-112.000000","0.000000","top"
"U6","74HC165","SOIC-16_3.9x9.9mm_P1.27mm","153.000000","-15.500000","0.000000","top"
"U7","74LVC1G125","SOT-23-5","55.000000","-95.000000","180.000000","top"
"U8","74LVC245","SOIC-20W_7.5x12.8mm_P1.27mm","95.000000","-31.000000","0.000000","top"
"U9","H11L1","DIP-6_W7.62mm","52.000000","-112.000000","0.000000","top"
"U10","H11L1","DIP-6_W7.62mm","79.000000","-124.500000","90.000000","top"
"U11","74LVC1G17","SOT-23-5","88.000000","-128.000000","270.000000","top"
"U12","SN65HVD230","SOIC-8_3.9x4.9mm_P1.27mm","150.000000","-112.000000","270.000000","top"
"U13","74LVC1G17","SOT-23-5","54.000000","-16.500000","270.000000","top"
"U14","74LVC1G17","SOT-23-5","97.000000","-128.000000","270.000000","top"
